subject,count,link
"women--north carolina--periodicals",11,"https://she-changed-world.cb.ncpedia.org/browse.html#women--north%20carolina--periodicals"
"women--southern states--periodicals",11,"https://she-changed-world.cb.ncpedia.org/browse.html#women--southern%20states--periodicals"
"southern states--social life and customs",11,"https://she-changed-world.cb.ncpedia.org/browse.html#southern%20states--social%20life%20and%20customs"
"women--suffrage",9,"https://she-changed-world.cb.ncpedia.org/browse.html#women--suffrage"
"world war, 1914-1918",8,"https://she-changed-world.cb.ncpedia.org/browse.html#world%20war,%201914-1918"
"women & politics",8,"https://she-changed-world.cb.ncpedia.org/browse.html#women%20&%20politics"
"women & the law",8,"https://she-changed-world.cb.ncpedia.org/browse.html#women%20&%20the%20law"
"women--history--20th century",8,"https://she-changed-world.cb.ncpedia.org/browse.html#women--history--20th%20century"
"equal suffrage league of north carolina",8,"https://she-changed-world.cb.ncpedia.org/browse.html#equal%20suffrage%20league%20of%20north%20carolina"
"women",8,"https://she-changed-world.cb.ncpedia.org/browse.html#women"
"national american woman suffrage association",8,"https://she-changed-world.cb.ncpedia.org/browse.html#national%20american%20woman%20suffrage%20association"
"home demonstration work",7,"https://she-changed-world.cb.ncpedia.org/browse.html#home%20demonstration%20work"
"future homemakers of america",6,"https://she-changed-world.cb.ncpedia.org/browse.html#future%20homemakers%20of%20america"
"north carolina future homemakers of america",6,"https://she-changed-world.cb.ncpedia.org/browse.html#north%20carolina%20future%20homemakers%20of%20america"
"home economics",6,"https://she-changed-world.cb.ncpedia.org/browse.html#home%20economics"
"national american woman suffrage association. league of women voters",6,"https://she-changed-world.cb.ncpedia.org/browse.html#national%20american%20woman%20suffrage%20association.%20league%20of%20women%20voters"
"national american woman suffrage association--history--20th century",6,"https://she-changed-world.cb.ncpedia.org/browse.html#national%20american%20woman%20suffrage%20association--history--20th%20century"
"states' rights (american politics)--history--20th century",6,"https://she-changed-world.cb.ncpedia.org/browse.html#states'%20rights%20(american%20politics)--history--20th%20century"
"segregation",6,"https://she-changed-world.cb.ncpedia.org/browse.html#segregation"
"women--vocational guidance",6,"https://she-changed-world.cb.ncpedia.org/browse.html#women--vocational%20guidance"
"african american women",5,"https://she-changed-world.cb.ncpedia.org/browse.html#african%20american%20women"
"world war, 1914-1918--war work--women",5,"https://she-changed-world.cb.ncpedia.org/browse.html#world%20war,%201914-1918--war%20work--women"
"sanford, terry, 1917-1998",4,"https://she-changed-world.cb.ncpedia.org/browse.html#sanford,%20terry,%201917-1998"
"black mountain college (black mountain, n.c.)",4,"https://she-changed-world.cb.ncpedia.org/browse.html#black%20mountain%20college%20(black%20mountain,%20n.c.)"
"north carolina--history",4,"https://she-changed-world.cb.ncpedia.org/browse.html#north%20carolina--history"
"equality--united states",4,"https://she-changed-world.cb.ncpedia.org/browse.html#equality--united%20states"
"employment & social affairs",4,"https://she-changed-world.cb.ncpedia.org/browse.html#employment%20&%20social%20affairs"
"women's rights",4,"https://she-changed-world.cb.ncpedia.org/browse.html#women's%20rights"
"universities and colleges--north carolina--black mountain",4,"https://she-changed-world.cb.ncpedia.org/browse.html#universities%20and%20colleges--north%20carolina--black%20mountain"
"north carolina federation of women's clubs",4,"https://she-changed-world.cb.ncpedia.org/browse.html#north%20carolina%20federation%20of%20women's%20clubs"
"north carolina council for women",4,"https://she-changed-world.cb.ncpedia.org/browse.html#north%20carolina%20council%20for%20women"
"north carolina council on the status of women",4,"https://she-changed-world.cb.ncpedia.org/browse.html#north%20carolina%20council%20on%20the%20status%20of%20women"
"women--north carolina--societies and clubs--periodicals",4,"https://she-changed-world.cb.ncpedia.org/browse.html#women--north%20carolina--societies%20and%20clubs--periodicals"
"women artists",4,"https://she-changed-world.cb.ncpedia.org/browse.html#women%20artists"
"north carolina. governor's commission on the status of women",4,"https://she-changed-world.cb.ncpedia.org/browse.html#north%20carolina.%20governor's%20commission%20on%20the%20status%20of%20women"
"indians of north america",4,"https://she-changed-world.cb.ncpedia.org/browse.html#indians%20of%20north%20america"
"cherokee women",3,"https://she-changed-world.cb.ncpedia.org/browse.html#cherokee%20women"
"cherokee indians",3,"https://she-changed-world.cb.ncpedia.org/browse.html#cherokee%20indians"
"military history",3,"https://she-changed-world.cb.ncpedia.org/browse.html#military%20history"
"arts--study and teaching",3,"https://she-changed-world.cb.ncpedia.org/browse.html#arts--study%20and%20teaching"
"oral histories",3,"https://she-changed-world.cb.ncpedia.org/browse.html#oral%20histories"
"personal narratives",3,"https://she-changed-world.cb.ncpedia.org/browse.html#personal%20narratives"
"young womenâ€™s christian association of the u.s.a.",3,"https://she-changed-world.cb.ncpedia.org/browse.html#young%20women%E2%80%99s%20christian%20association%20of%20the%20u.s.a."
"retired military personnel",3,"https://she-changed-world.cb.ncpedia.org/browse.html#retired%20military%20personnel"
"veterans",3,"https://she-changed-world.cb.ncpedia.org/browse.html#veterans"
"north carolina--periodicals",3,"https://she-changed-world.cb.ncpedia.org/browse.html#north%20carolina--periodicals"
"posters",3,"https://she-changed-world.cb.ncpedia.org/browse.html#posters"
"new homemakers of america",2,"https://she-changed-world.cb.ncpedia.org/browse.html#new%20homemakers%20of%20america"
"college teachers--north carolina--black mountain",2,"https://she-changed-world.cb.ncpedia.org/browse.html#college%20teachers--north%20carolina--black%20mountain"
"college students--north carolina--black mountain",2,"https://she-changed-world.cb.ncpedia.org/browse.html#college%20students--north%20carolina--black%20mountain"
"schools--north carolina--buncombe county",2,"https://she-changed-world.cb.ncpedia.org/browse.html#schools--north%20carolina--buncombe%20county"
"weaving--north carolina--black mountain",2,"https://she-changed-world.cb.ncpedia.org/browse.html#weaving--north%20carolina--black%20mountain"
"stunt flying",2,"https://she-changed-world.cb.ncpedia.org/browse.html#stunt%20flying"
"aircraft industry--united states--history",2,"https://she-changed-world.cb.ncpedia.org/browse.html#aircraft%20industry--united%20states--history"
"skydivers",2,"https://she-changed-world.cb.ncpedia.org/browse.html#skydivers"
"skydiving",2,"https://she-changed-world.cb.ncpedia.org/browse.html#skydiving"
"parachuting",2,"https://she-changed-world.cb.ncpedia.org/browse.html#parachuting"
"brown, georgia thompson, 1893--1978",2,"https://she-changed-world.cb.ncpedia.org/browse.html#brown,%20georgia%20thompson,%201893--1978"
"women in war",2,"https://she-changed-world.cb.ncpedia.org/browse.html#women%20in%20war"
"agriculture",2,"https://she-changed-world.cb.ncpedia.org/browse.html#agriculture"
"united states--history--civil war, 1861-1865--desertions",2,"https://she-changed-world.cb.ncpedia.org/browse.html#united%20states--history--civil%20war,%201861-1865--desertions"
"united states--history--civil war, 1861-1865--correspondence",2,"https://she-changed-world.cb.ncpedia.org/browse.html#united%20states--history--civil%20war,%201861-1865--correspondence"
"united states--history--civil war, 1861-1865--health aspects",2,"https://she-changed-world.cb.ncpedia.org/browse.html#united%20states--history--civil%20war,%201861-1865--health%20aspects"
"united states--history--civil war, 1861-1865",2,"https://she-changed-world.cb.ncpedia.org/browse.html#united%20states--history--civil%20war,%201861-1865"
"tourism--north carolina",2,"https://she-changed-world.cb.ncpedia.org/browse.html#tourism--north%20carolina"
"handicraft",2,"https://she-changed-world.cb.ncpedia.org/browse.html#handicraft"
"palmer memorial institute (sedalia, n.c.)--history",2,"https://she-changed-world.cb.ncpedia.org/browse.html#palmer%20memorial%20institute%20(sedalia,%20n.c.)--history"
"education, humanistic--north carolina",2,"https://she-changed-world.cb.ncpedia.org/browse.html#education,%20humanistic--north%20carolina"
"brown, charlotte hawkins, 1883--1961",2,"https://she-changed-world.cb.ncpedia.org/browse.html#brown,%20charlotte%20hawkins,%201883--1961"
"teachers",2,"https://she-changed-world.cb.ncpedia.org/browse.html#teachers"
"labor laws and legislation",2,"https://she-changed-world.cb.ncpedia.org/browse.html#labor%20laws%20and%20legislation"
"world war, 1914-1918--women",2,"https://she-changed-world.cb.ncpedia.org/browse.html#world%20war,%201914-1918--women"
"women poets",2,"https://she-changed-world.cb.ncpedia.org/browse.html#women%20poets"
"education & culture",2,"https://she-changed-world.cb.ncpedia.org/browse.html#education%20&%20culture"
"discrimination",2,"https://she-changed-world.cb.ncpedia.org/browse.html#discrimination"
"income distribution",2,"https://she-changed-world.cb.ncpedia.org/browse.html#income%20distribution"
"communities",2,"https://she-changed-world.cb.ncpedia.org/browse.html#communities"
"voting",2,"https://she-changed-world.cb.ncpedia.org/browse.html#voting"
"women--north carolina--biography",2,"https://she-changed-world.cb.ncpedia.org/browse.html#women--north%20carolina--biography"
"united war work campaign, inc.",2,"https://she-changed-world.cb.ncpedia.org/browse.html#united%20war%20work%20campaign,%20inc."
"women--north carolina",2,"https://she-changed-world.cb.ncpedia.org/browse.html#women--north%20carolina"
"civil rights movements--north carolina--history--20th century",2,"https://she-changed-world.cb.ncpedia.org/browse.html#civil%20rights%20movements--north%20carolina--history--20th%20century"
"african americans--civil rights",2,"https://she-changed-world.cb.ncpedia.org/browse.html#african%20americans--civil%20rights"
"north carolina--social conditions--20th century",2,"https://she-changed-world.cb.ncpedia.org/browse.html#north%20carolina--social%20conditions--20th%20century"
"north carolina--race relations--history--20th century",2,"https://she-changed-world.cb.ncpedia.org/browse.html#north%20carolina--race%20relations--history--20th%20century"
"civil rights demonstrations--north carolina",2,"https://she-changed-world.cb.ncpedia.org/browse.html#civil%20rights%20demonstrations--north%20carolina"
"world war, 1939-1945",2,"https://she-changed-world.cb.ncpedia.org/browse.html#world%20war,%201939-1945"
"north caroliniana",2,"https://she-changed-world.cb.ncpedia.org/browse.html#north%20caroliniana"
"african americans--education (higher)",2,"https://she-changed-world.cb.ncpedia.org/browse.html#african%20americans--education%20(higher)"
"universities and colleges--north carolina--pictorial works",2,"https://she-changed-world.cb.ncpedia.org/browse.html#universities%20and%20colleges--north%20carolina--pictorial%20works"
"north carolina college for women--pictorial works",2,"https://she-changed-world.cb.ncpedia.org/browse.html#north%20carolina%20college%20for%20women--pictorial%20works"
"college publications--north carolina",1,"https://she-changed-world.cb.ncpedia.org/browse.html#college%20publications--north%20carolina"
"women's health services--north carolina",1,"https://she-changed-world.cb.ncpedia.org/browse.html#women's%20health%20services--north%20carolina"
"women--diseases--north carolina",1,"https://she-changed-world.cb.ncpedia.org/browse.html#women--diseases--north%20carolina"
"women--health and hygiene--north carolina",1,"https://she-changed-world.cb.ncpedia.org/browse.html#women--health%20and%20hygiene--north%20carolina"
"working class women--north carolina",1,"https://she-changed-world.cb.ncpedia.org/browse.html#working%20class%20women--north%20carolina"
"wages--women--north carolina",1,"https://she-changed-world.cb.ncpedia.org/browse.html#wages--women--north%20carolina"
"women--employment--north carolina",1,"https://she-changed-world.cb.ncpedia.org/browse.html#women--employment--north%20carolina"
"women--north carolina--statistics",1,"https://she-changed-world.cb.ncpedia.org/browse.html#women--north%20carolina--statistics"
"north carolina--history--societies, etc.--periodicals",1,"https://she-changed-world.cb.ncpedia.org/browse.html#north%20carolina--history--societies,%20etc.--periodicals"
"north carolina--history--periodicals",1,"https://she-changed-world.cb.ncpedia.org/browse.html#north%20carolina--history--periodicals"
"old state library collection",1,"https://she-changed-world.cb.ncpedia.org/browse.html#old%20state%20library%20collection"
"carroll, elizabeth delia dixon, -1934",1,"https://she-changed-world.cb.ncpedia.org/browse.html#carroll,%20elizabeth%20delia%20dixon,%20-1934"
"hobbs, mary mendenhall, 1852--1930",1,"https://she-changed-world.cb.ncpedia.org/browse.html#hobbs,%20mary%20mendenhall,%201852--1930"
"women--north carolina--history",1,"https://she-changed-world.cb.ncpedia.org/browse.html#women--north%20carolina--history"
"women--united states--history",1,"https://she-changed-world.cb.ncpedia.org/browse.html#women--united%20states--history"
"women legislators--north carolina--biography",1,"https://she-changed-world.cb.ncpedia.org/browse.html#women%20legislators--north%20carolina--biography"
"women--north carolina--awards",1,"https://she-changed-world.cb.ncpedia.org/browse.html#women--north%20carolina--awards"
"north carolina council for women--awards",1,"https://she-changed-world.cb.ncpedia.org/browse.html#north%20carolina%20council%20for%20women--awards"
"edenton (n.c.)--description and travel",1,"https://she-changed-world.cb.ncpedia.org/browse.html#edenton%20(n.c.)--description%20and%20travel"
"monuments",1,"https://she-changed-world.cb.ncpedia.org/browse.html#monuments"
"statues--north carolina--raleigh",1,"https://she-changed-world.cb.ncpedia.org/browse.html#statues--north%20carolina--raleigh"
"judaculla rock (n.c.)",1,"https://she-changed-world.cb.ncpedia.org/browse.html#judaculla%20rock%20(n.c.)"
"southern pines (n.c.)--description and travel",1,"https://she-changed-world.cb.ncpedia.org/browse.html#southern%20pines%20(n.c.)--description%20and%20travel"
"henderson county (n.c.)",1,"https://she-changed-world.cb.ncpedia.org/browse.html#henderson%20county%20(n.c.)"
"women--north carolina--social conditions",1,"https://she-changed-world.cb.ncpedia.org/browse.html#women--north%20carolina--social%20conditions"
"confederate states of america--social conditions",1,"https://she-changed-world.cb.ncpedia.org/browse.html#confederate%20states%20of%20america--social%20conditions"
"tryon county (n.c.)--history",1,"https://she-changed-world.cb.ncpedia.org/browse.html#tryon%20county%20(n.c.)--history"
"canning and preserving",1,"https://she-changed-world.cb.ncpedia.org/browse.html#canning%20and%20preserving"
"canneries",1,"https://she-changed-world.cb.ncpedia.org/browse.html#canneries"
"united states. army. american expeditionary forces",1,"https://she-changed-world.cb.ncpedia.org/browse.html#united%20states.%20army.%20american%20expeditionary%20forces"
"world war, 1914-1918--women--united states",1,"https://she-changed-world.cb.ncpedia.org/browse.html#world%20war,%201914-1918--women--united%20states"
"young women's christian association of the u.s.a.",1,"https://she-changed-world.cb.ncpedia.org/browse.html#young%20women's%20christian%20association%20of%20the%20u.s.a."
"war, 1775--1783--women",1,"https://she-changed-world.cb.ncpedia.org/browse.html#war,%201775--1783--women"
"martin, glenn l. (glenn luther), 1886--1955",1,"https://she-changed-world.cb.ncpedia.org/browse.html#martin,%20glenn%20l.%20(glenn%20luther),%201886--1955"
"north carolina--history--american revolutionary",1,"https://she-changed-world.cb.ncpedia.org/browse.html#north%20carolina--history--american%20revolutionary"
"surry county (n.c.)--industry and agriculture",1,"https://she-changed-world.cb.ncpedia.org/browse.html#surry%20county%20(n.c.)--industry%20and%20agriculture"
"african american radio broadcasters--north carolina--charlotte",1,"https://she-changed-world.cb.ncpedia.org/browse.html#african%20american%20radio%20broadcasters--north%20carolina--charlotte"
"leeper, hattie",1,"https://she-changed-world.cb.ncpedia.org/browse.html#leeper,%20hattie"
"military nursing--united states--history--20th century",1,"https://she-changed-world.cb.ncpedia.org/browse.html#military%20nursing--united%20states--history--20th%20century"
"fort bragg (n.c.)",1,"https://she-changed-world.cb.ncpedia.org/browse.html#fort%20bragg%20(n.c.)"
"fort lee (va.)",1,"https://she-changed-world.cb.ncpedia.org/browse.html#fort%20lee%20(va.)"
"fort mcclellan (ala.)",1,"https://she-changed-world.cb.ncpedia.org/browse.html#fort%20mcclellan%20(ala.)"
"king, margaret belva mizelle, 1918--2004",1,"https://she-changed-world.cb.ncpedia.org/browse.html#king,%20margaret%20belva%20mizelle,%201918--2004"
"museums--north carolina--newton",1,"https://she-changed-world.cb.ncpedia.org/browse.html#museums--north%20carolina--newton"
"museums--north carolina--hickory",1,"https://she-changed-world.cb.ncpedia.org/browse.html#museums--north%20carolina--hickory"
"soap trade--north carolina--mayodan",1,"https://she-changed-world.cb.ncpedia.org/browse.html#soap%20trade--north%20carolina--mayodan"
"united states. army. airborne division, 82nd",1,"https://she-changed-world.cb.ncpedia.org/browse.html#united%20states.%20army.%20airborne%20division,%2082nd"
"united states. army reserve",1,"https://she-changed-world.cb.ncpedia.org/browse.html#united%20states.%20army%20reserve"
"united states. army. women's army corps",1,"https://she-changed-world.cb.ncpedia.org/browse.html#united%20states.%20army.%20women's%20army%20corps"
"cleaning compounds industry--north carolina--mayodan",1,"https://she-changed-world.cb.ncpedia.org/browse.html#cleaning%20compounds%20industry--north%20carolina--mayodan"
"slaves' writings, american",1,"https://she-changed-world.cb.ncpedia.org/browse.html#slaves'%20writings,%20american"
"women slaves--north carolina--edenton--biography",1,"https://she-changed-world.cb.ncpedia.org/browse.html#women%20slaves--north%20carolina--edenton--biography"
"jacobs, harriet a. (harriet ann), 1813--1897",1,"https://she-changed-world.cb.ncpedia.org/browse.html#jacobs,%20harriet%20a.%20(harriet%20ann),%201813--1897"
"kephart, horace, 1862--1931",1,"https://she-changed-world.cb.ncpedia.org/browse.html#kephart,%20horace,%201862--1931"
"fuller, r. buckminster (richard buckminster), 1895--1983",1,"https://she-changed-world.cb.ncpedia.org/browse.html#fuller,%20r.%20buckminster%20(richard%20buckminster),%201895--1983"
"architecture--study and teaching--north carolina",1,"https://she-changed-world.cb.ncpedia.org/browse.html#architecture--study%20and%20teaching--north%20carolina"
"de kooning, elaine",1,"https://she-changed-world.cb.ncpedia.org/browse.html#de%20kooning,%20elaine"
"architecture--north carolina--buncombe county",1,"https://she-changed-world.cb.ncpedia.org/browse.html#architecture--north%20carolina--buncombe%20county"
"art therapy",1,"https://she-changed-world.cb.ncpedia.org/browse.html#art%20therapy"
"finger painting",1,"https://she-changed-world.cb.ncpedia.org/browse.html#finger%20painting"
"shaw, ruth faison, 1888--1968",1,"https://she-changed-world.cb.ncpedia.org/browse.html#shaw,%20ruth%20faison,%201888--1968"
"burwell school--north carolina--hillsborough--history",1,"https://she-changed-world.cb.ncpedia.org/browse.html#burwell%20school--north%20carolina--hillsborough--history"
"asawa, ruth",1,"https://she-changed-world.cb.ncpedia.org/browse.html#asawa,%20ruth"
"albers, anni",1,"https://she-changed-world.cb.ncpedia.org/browse.html#albers,%20anni"
"burwell, margaret anna robertson, 1810--1871",1,"https://she-changed-world.cb.ncpedia.org/browse.html#burwell,%20margaret%20anna%20robertson,%201810--1871"
"north carolina state museum of natural history",1,"https://she-changed-world.cb.ncpedia.org/browse.html#north%20carolina%20state%20museum%20of%20natural%20history"
"photographers--north carolina",1,"https://she-changed-world.cb.ncpedia.org/browse.html#photographers--north%20carolina"
"wildlife photography",1,"https://she-changed-world.cb.ncpedia.org/browse.html#wildlife%20photography"
"wootten, bayard morgan, 1875-1959",1,"https://she-changed-world.cb.ncpedia.org/browse.html#wootten,%20bayard%20morgan,%201875-1959"
"women photographers",1,"https://she-changed-world.cb.ncpedia.org/browse.html#women%20photographers"
"home economics, rural",1,"https://she-changed-world.cb.ncpedia.org/browse.html#home%20economics,%20rural"
"mckimmon, jane simpson, 1867--1957",1,"https://she-changed-world.cb.ncpedia.org/browse.html#mckimmon,%20jane%20simpson,%201867--1957"
"letter carriers--north carolina--watauga county",1,"https://she-changed-world.cb.ncpedia.org/browse.html#letter%20carriers--north%20carolina--watauga%20county"
"clawson, addie, 1911--1964",1,"https://she-changed-world.cb.ncpedia.org/browse.html#clawson,%20addie,%201911--1964"
"feldspar",1,"https://she-changed-world.cb.ncpedia.org/browse.html#feldspar"
"pottery",1,"https://she-changed-world.cb.ncpedia.org/browse.html#pottery"
"mica mines and mining--north carolina, western",1,"https://she-changed-world.cb.ncpedia.org/browse.html#mica%20mines%20and%20mining--north%20carolina,%20western"
"women farmers--north carolina--johnston county",1,"https://she-changed-world.cb.ncpedia.org/browse.html#women%20farmers--north%20carolina--johnston%20county"
"turlington, ethel, d. 1977",1,"https://she-changed-world.cb.ncpedia.org/browse.html#turlington,%20ethel,%20d.%201977"
"african americans--history--north carolina",1,"https://she-changed-world.cb.ncpedia.org/browse.html#african%20americans--history--north%20carolina"
"african americans--southern states--history",1,"https://she-changed-world.cb.ncpedia.org/browse.html#african%20americans--southern%20states--history"
"trails--north carolina--raleigh",1,"https://she-changed-world.cb.ncpedia.org/browse.html#trails--north%20carolina--raleigh"
"cole, nat king, 1919--1965",1,"https://she-changed-world.cb.ncpedia.org/browse.html#cole,%20nat%20king,%201919--1965"
"cole, maria, 1922--2012",1,"https://she-changed-world.cb.ncpedia.org/browse.html#cole,%20maria,%201922--2012"
"franklin (n.c.)--description and travel",1,"https://she-changed-world.cb.ncpedia.org/browse.html#franklin%20(n.c.)--description%20and%20travel"
"macon county (n.c.)--description and travel",1,"https://she-changed-world.cb.ncpedia.org/browse.html#macon%20county%20(n.c.)--description%20and%20travel"
"painters--north carolina--boone",1,"https://she-changed-world.cb.ncpedia.org/browse.html#painters--north%20carolina--boone"
"capehart, noyes, 1933--",1,"https://she-changed-world.cb.ncpedia.org/browse.html#capehart,%20noyes,%201933--"
"feezor, betty, 1925--1978",1,"https://she-changed-world.cb.ncpedia.org/browse.html#feezor,%20betty,%201925--1978"
"women television personalities--charlotte (n.c.)",1,"https://she-changed-world.cb.ncpedia.org/browse.html#women%20television%20personalities--charlotte%20(n.c.)"
"women novelists",1,"https://she-changed-world.cb.ncpedia.org/browse.html#women%20novelists"
"women dancers",1,"https://she-changed-world.cb.ncpedia.org/browse.html#women%20dancers"
"women sculptors",1,"https://she-changed-world.cb.ncpedia.org/browse.html#women%20sculptors"
"coeducation--north carolina",1,"https://she-changed-world.cb.ncpedia.org/browse.html#coeducation--north%20carolina"
"families--united states--statistics",1,"https://she-changed-world.cb.ncpedia.org/browse.html#families--united%20states--statistics"
"civil rights",1,"https://she-changed-world.cb.ncpedia.org/browse.html#civil%20rights"
"civil rights movements--united states--history--20th century",1,"https://she-changed-world.cb.ncpedia.org/browse.html#civil%20rights%20movements--united%20states--history--20th%20century"
"volunteers",1,"https://she-changed-world.cb.ncpedia.org/browse.html#volunteers"
"volunteer jobs",1,"https://she-changed-world.cb.ncpedia.org/browse.html#volunteer%20jobs"
"women--education--north carolina",1,"https://she-changed-world.cb.ncpedia.org/browse.html#women--education--north%20carolina"
"civic participation: working for civil rights",1,"https://she-changed-world.cb.ncpedia.org/browse.html#civic%20participation:%20working%20for%20civil%20rights"
"civic improvement",1,"https://she-changed-world.cb.ncpedia.org/browse.html#civic%20improvement"
"political activists--united states",1,"https://she-changed-world.cb.ncpedia.org/browse.html#political%20activists--united%20states"
"women political activists",1,"https://she-changed-world.cb.ncpedia.org/browse.html#women%20political%20activists"
"university of north carolina (1793--1962)--admission",1,"https://she-changed-world.cb.ncpedia.org/browse.html#university%20of%20north%20carolina%20(1793--1962)--admission"
"minorities--north carolina",1,"https://she-changed-world.cb.ncpedia.org/browse.html#minorities--north%20carolina"
"scotland--history--18th century",1,"https://she-changed-world.cb.ncpedia.org/browse.html#scotland--history--18th%20century"
"women heroes--scotland--biography",1,"https://she-changed-world.cb.ncpedia.org/browse.html#women%20heroes--scotland--biography"
"flora macdonald college (red springs, n.c.)--history",1,"https://she-changed-world.cb.ncpedia.org/browse.html#flora%20macdonald%20college%20(red%20springs,%20n.c.)--history"
"macdonald, flora, 1722--1790",1,"https://she-changed-world.cb.ncpedia.org/browse.html#macdonald,%20flora,%201722--1790"
"women--biography",1,"https://she-changed-world.cb.ncpedia.org/browse.html#women--biography"
"african americans--biography",1,"https://she-changed-world.cb.ncpedia.org/browse.html#african%20americans--biography"
"american fiction--women authors",1,"https://she-changed-world.cb.ncpedia.org/browse.html#american%20fiction--women%20authors"
"lee, annie carter, 1839--1862",1,"https://she-changed-world.cb.ncpedia.org/browse.html#lee,%20annie%20carter,%201839--1862"
"lee, robert e. (robert edward), 1807--1870",1,"https://she-changed-world.cb.ncpedia.org/browse.html#lee,%20robert%20e.%20(robert%20edward),%201807--1870"
"warren county (n.c.)",1,"https://she-changed-world.cb.ncpedia.org/browse.html#warren%20county%20(n.c.)"
"north carolina--history--civil war, 1861-1865",1,"https://she-changed-world.cb.ncpedia.org/browse.html#north%20carolina--history--civil%20war,%201861-1865"
"music by women composers",1,"https://she-changed-world.cb.ncpedia.org/browse.html#music%20by%20women%20composers"
"sepulchral monuments",1,"https://she-changed-world.cb.ncpedia.org/browse.html#sepulchral%20monuments"
"bennett college (greensboro, n.c.)",1,"https://she-changed-world.cb.ncpedia.org/browse.html#bennett%20college%20(greensboro,%20n.c.)"
"roosevelt, eleanor, 1884-1962",1,"https://she-changed-world.cb.ncpedia.org/browse.html#roosevelt,%20eleanor,%201884-1962"
"african american women--biography",1,"https://she-changed-world.cb.ncpedia.org/browse.html#african%20american%20women--biography"
"world war, 1939-1945--african americans",1,"https://she-changed-world.cb.ncpedia.org/browse.html#world%20war,%201939-1945--african%20americans"
"african americans--education",1,"https://she-changed-world.cb.ncpedia.org/browse.html#african%20americans--education"
"african americans--education--history",1,"https://she-changed-world.cb.ncpedia.org/browse.html#african%20americans--education--history"
"women--legal status, laws, etc.--north carolina",1,"https://she-changed-world.cb.ncpedia.org/browse.html#women--legal%20status,%20laws,%20etc.--north%20carolina"
"education--north carolina",1,"https://she-changed-world.cb.ncpedia.org/browse.html#education--north%20carolina"
"public health--north carolina",1,"https://she-changed-world.cb.ncpedia.org/browse.html#public%20health--north%20carolina"
"washington, mary parks",1,"https://she-changed-world.cb.ncpedia.org/browse.html#washington,%20mary%20parks"
"african american college students",1,"https://she-changed-world.cb.ncpedia.org/browse.html#african%20american%20college%20students"
"jails",1,"https://she-changed-world.cb.ncpedia.org/browse.html#jails"
"united states--history--civil war, 1861-1865--children",1,"https://she-changed-world.cb.ncpedia.org/browse.html#united%20states--history--civil%20war,%201861-1865--children"
"corn",1,"https://she-changed-world.cb.ncpedia.org/browse.html#corn"
"sweet potatoes",1,"https://she-changed-world.cb.ncpedia.org/browse.html#sweet%20potatoes"
"united states--history--civil war, 1861-1865--women",1,"https://she-changed-world.cb.ncpedia.org/browse.html#united%20states--history--civil%20war,%201861-1865--women"
"family farms",1,"https://she-changed-world.cb.ncpedia.org/browse.html#family%20farms"
"united states--history--civil war, 1861-1865--food supply",1,"https://she-changed-world.cb.ncpedia.org/browse.html#united%20states--history--civil%20war,%201861-1865--food%20supply"
"money--confederate states of america",1,"https://she-changed-world.cb.ncpedia.org/browse.html#money--confederate%20states%20of%20america"
"cotton",1,"https://she-changed-world.cb.ncpedia.org/browse.html#cotton"
"north carolina--history--civil war, 1861-1865--sources",1,"https://she-changed-world.cb.ncpedia.org/browse.html#north%20carolina--history--civil%20war,%201861-1865--sources"
"american indians",1,"https://she-changed-world.cb.ncpedia.org/browse.html#american%20indians"
"labor",1,"https://she-changed-world.cb.ncpedia.org/browse.html#labor"
"bombing, aerial",1,"https://she-changed-world.cb.ncpedia.org/browse.html#bombing,%20aerial"
"jones, elizabeth earl, 1879-1963",1,"https://she-changed-world.cb.ncpedia.org/browse.html#jones,%20elizabeth%20earl,%201879-1963"
"fourth of july celebrations",1,"https://she-changed-world.cb.ncpedia.org/browse.html#fourth%20of%20july%20celebrations"
"reading, rufus daniel isaacs, marquess of, 1860-1935",1,"https://she-changed-world.cb.ncpedia.org/browse.html#reading,%20rufus%20daniel%20isaacs,%20marquess%20of,%201860-1935"
"world war, 1914-1918--war work--young men's christian associations",1,"https://she-changed-world.cb.ncpedia.org/browse.html#world%20war,%201914-1918--war%20work--young%20men's%20christian%20associations"
"great britain. ministry of food",1,"https://she-changed-world.cb.ncpedia.org/browse.html#great%20britain.%20ministry%20of%20food"
"rationing--great britain",1,"https://she-changed-world.cb.ncpedia.org/browse.html#rationing--great%20britain"
"nurses--north carolina",1,"https://she-changed-world.cb.ncpedia.org/browse.html#nurses--north%20carolina"
"nurses--united states--social conditions",1,"https://she-changed-world.cb.ncpedia.org/browse.html#nurses--united%20states--social%20conditions"
"nurses--great britain--history--20th century",1,"https://she-changed-world.cb.ncpedia.org/browse.html#nurses--great%20britain--history--20th%20century"
"red cross and red crescent",1,"https://she-changed-world.cb.ncpedia.org/browse.html#red%20cross%20and%20red%20crescent"
"world war, 1914-1918--women--great britain",1,"https://she-changed-world.cb.ncpedia.org/browse.html#world%20war,%201914-1918--women--great%20britain"
"children",1,"https://she-changed-world.cb.ncpedia.org/browse.html#children"
"civilian pilot training program (u.s.)",1,"https://she-changed-world.cb.ncpedia.org/browse.html#civilian%20pilot%20training%20program%20(u.s.)"
"women airforce service pilots (u.s.)",1,"https://she-changed-world.cb.ncpedia.org/browse.html#women%20airforce%20service%20pilots%20(u.s.)"
"women air pilots",1,"https://she-changed-world.cb.ncpedia.org/browse.html#women%20air%20pilots"
"united states. army nurse corps",1,"https://she-changed-world.cb.ncpedia.org/browse.html#united%20states.%20army%20nurse%20corps"
